{
  "src": [
    "sprite.ogg",
    "sprite.m4a",
    "sprite.mp3",
    "sprite.ac3"
  ],
  "sprite": {
    "click": [
      0,
      417.9591836734694
    ],
    "chip-main": [
      2000,
      255.85034013605457
    ],
    "chip-side": [
      4000,
      227.0748299319729
    ],
    "clear-main": [
      6000,
      616.2585034013608
    ],
    "clear-side": [
      8000,
      227.09750566893484
    ],
    "card-flip": [
      10000,
      456.4852607709753
    ],
    "lose": [
      12000,
      914.2857142857146
    ],
    "push": [
      14000,
      839.9999999999999
    ],
    "rebet": [
      16000,
      370.81632653061195
    ],
    "side-bet-win": [
      18000,
      653.0612244897966
    ],
    "split": [
      20000,
      624.0136054421761
    ],
    "win": [
      22000,
      653.0612244897966
    ]
  }
}