{
  "src": [
    "sprite.ogg",
    "sprite.m4a",
    "sprite.mp3",
    "sprite.ac3"
  ],
  "sprite": {
    "chip-main": [
      0,
      255.8503401360544
    ],
    "chip-side": [
      2000,
      227.0748299319729
    ],
    "clear-main": [
      4000,
      616.2585034013608
    ],
    "clear-side": [
      6000,
      227.09750566893393
    ],
    "rebet": [
      8000,
      370.81632653061195
    ],
    "split": [
      10000,
      732.4943310657588
    ],
    "card-flip": [
      12000,
      456.4852607709753
    ]
  }
}